StockTicker,Ric,CompanyName,Sector,Industry,BelongToIndex,ListedExchCode,EpsRegressGrowth_Reuters,EpsRegressGrowth_Reuters_Nasdaq,M1QEps,M2QEps,M3QEps,M4QEps,M5QEps,M6QEps,M7QEps,M8QEps,PEG_Reuters,PEG_Nasdaq,Pe,PEvsIndustry,PEvsSector,IndustryPe,SectorPe,5YrHighPe,Industry5YrHighPe,Sector5YrHighPe,5YrLowPe,Industry5YrLowPe,Sector5YrLowPe,ReturnOnEquity,IndustryReturnOnEquity,SectorReturnOnEquity,ReturnOnEquity5YrAvg,IndustryReturnOnEquity5YrAvg,SectorReturnOnEquity5YrAvg,PercentageHeldByInstitutions,Source,PercentageHeldByInstitutions,NetSharesTradedByInstitutions,NetNumOfSharesTradedByInsidersIn3M,ClosePrice,52WkHigh,52WkLow,VolumeChange,Volume,AvgVolume,QuickRatio,IndustryQuickRatio,SectorQuickRatio,TotalDebtToEquity,IndustryTotalDebtToEquity,SectorTotalDebtToEquity,InterestCoverage,IndustryInterestCoverage,SectorInterestCoverage
HABT,HABT.OQ,"Habit Restaurants Inc ",,"Restaurants & Bars",.IXIC,IXIC,22.6166666667,145.95,2.841,0.019,0.055,0.091,0.068,0.042,0.072,0.098,0.1344141488575764,0.020829051044878383,3.04,-0.9656652360515021,-0.8435409161091096,88.54,19.43,106.94,374.51,36.51,3.15,28.05,13.14,51.87,14.77,-33.18,19.12,11.33,14.95,0,Nasdaq,0.942516141712938,-1731889,17046,9.15,19.7,8.15,0.7505,159068,90870,1.14,1.15,1.21,11.58,73.29,66.81,21.66,34.47,8.58
TMK,TMK.N,"Torchmark Corp ",Financials,"Life & Health Insurance",.SPX,NYSE,126.611904762,7.99,16.14,1.295,1.179,1.139,1.029,1.164,1.135,1.083,0.03317223611709336,0.5256570713391739,4.2,-0.8619783108774236,-0.7957198443579766,30.43,20.56,16.73,16.81,23.28,4.62,8.56,11.38,43.25,3.38,15.6,19.77,4.31,18.87,77.15,Nasdaq,0.7679278501428797,-19972,0,82.96,93.57,73.99,0.2255,220518,179934,0,0,0.04,23.43,33.55,57.27,15.99,7.34,4.05
EZPW,EZPW.OQ,"EZCORP Inc ",Financials,"Consumer Lending",.IXIC,IXIC,2.16785714286,29.11,0.283,0.208,0.102,0.155,0.155,-0.277,0.277,0.136,7.897199341011009,0.5881140501545861,17.12,-0.6140667267808837,-0.16731517509727611,44.36,20.56,55,34.71,23.28,13.24,11.2,11.38,6.46,8.64,15.6,1.7,17.25,18.87,0,Nasdaq,1.0255481221113139,-502480,84250,13.2,13.75,7.55,0.2348,151485,122682,5.47,0.16,0.04,42,192,57.27,2.31,-833.44,4.05
MTCH,MTCH.OQ,"Match Group Inc ",Technology,"Internet Services",.IXIC,IXIC,6.9059523809500005,34.31,0.308,0.982,0.168,0.084,0.274,0.207,0.137,0.039,3.6924668160674683,0.743223549985427,25.5,-0.3055555555555556,0.9465648854961832,36.72,13.1,25.77,56.29,25.54,20.69,21.51,9.78,89.82,20.54,18.13,0,22.35,13.51,98.34,Nasdaq,0.9689452782742096,405083,644142,40.82,43.52,15.42,0.4655,794681,542268,0,1.69,1.74,249.91,34.39,17.21,3.84,71.58,8.98
JACK,JACK.OQ,"Jack in the Box Inc ",,"Restaurants & Bars",.IXIC,IXIC,6.53214285714,23.37,1.457,1.013,1.249,1.087,1.065,0.981,0.932,0.849,2.9010388190280594,0.8108686350021395,18.95,-0.7859724418341992,-0.024704065877509063,88.54,19.43,29.09,374.51,36.51,21.8,28.05,13.14,0,14.77,-33.18,102.59,11.33,14.95,0,Nasdaq,0.9964054246241365,466655,44066,91.86,113,79.38,0.2889,380762,295406,1.52,1.15,1.21,0,73.29,66.81,7.56,34.47,8.58
MCFT,MCFT.OQ,"MCBC Holdings Inc ",,"Recreational Products",.IXIC,IXIC,1.65238095238,23.07,0.403,0.377,0.338,0.12,0.217,0.376,0.256,0.261,11.958501440929084,0.8565236237537929,19.76,-0.4643534833288153,0.016984045290787453,36.89,19.43,19.76,57.08,36.51,18.6,17.12,13.14,153.6,9.04,-33.18,0,10.86,14.95,97.89,Nasdaq,0.9546691829960381,850501,0,24.27,27.76,14.94,0.1122,75550,67931,0.23,3.92,1.21,347.89,10.18,66.81,26.65,21.16,8.58
ULTA,ULTA.OQ,"Ulta Beauty Inc ",,"SMiscellaneous Specialty Retailers",".SPX, .IXIC",IXIC,5.55595238095,26.64,1.698,1.831,2.048,2.24,1.397,1.433,1.452,1.686,4.4672809085084495,0.9316816816816816,24.82,-0.2755399883245767,0.2774060730828616,34.26,19.43,41.63,51.45,36.51,27.24,20.11,13.14,31.76,11.24,-33.18,24.56,12.74,14.95,94.22,Nasdaq,0.9210999475341028,-1711339,272,194,314.83,187.96,0.5898,704554,443180,0.41,0.89,1.21,0,100.95,66.81,0,30.6,8.58
GGAL,GGAL.OQ,"Grupo Financiero Galicia SA ",Financials,Banks,.IXIC,IXIC,11.5261904762,21.07,1.875,1.702,1.412,1.231,1.363,1.171,1.057,1.037,1.716091716586064,0.9387755102040817,19.78,-0.028009828009827986,-0.037937743190661344,20.35,20.56,19.59,20.32,23.28,4.71,11.29,11.38,27.93,16.23,15.6,32.18,19.76,18.87,44.08,Nasdaq,0.4685626079447323,-1786537,0,61.2,73.44,32.07,0.2463,175794,141054,0,0,0.04,72.09,54.5,57.27,0,0,4.05
LOW,LOW.N,"Lowe's Companies Inc ",,"Home Improvement Products & Services Retailers",.SPX,NYSE,10.8773809524,19.17,1.046,1.678,0.699,0.741,0.43,1.313,0.992,0.012,1.906708985440461,1.0818988002086591,20.74,-0.20748949178448617,0.06742151312403499,26.17,19.43,26.27,26.46,36.51,21.09,15.72,13.14,56.18,100.8,-33.18,30.62,33.48,14.95,75.84,Nasdaq,0.737273290742756,595894,0,85.34,108.75,70.76,0.7152,2953846,1722140,0.11,0.44,1.21,289.38,592.42,66.81,9.06,15.85,8.58
OCFC,OCFC.OQ,"OceanFirst Financial Corp ",Financials,Banks,.IXIC,IXIC,2.4619047619,16.38,0.41,0.387,0.232,0.363,0.215,0.353,0.16,0.246,7.656673114134732,1.150793650793651,18.85,-0.07371007371007365,-0.08317120622568086,20.35,20.56,30.66,20.32,23.28,14.45,11.29,11.38,7.86,16.23,15.6,7.6,19.76,18.87,57.35,Nasdaq,0.516667393400696,525261,135430,26.73,30.3,24.02,0.5687,101388,64633,0,0,0.04,22.62,54.5,57.27,0,0,4.05
MLM,MLM.N,"Martin Marietta Materials Inc ","Basic Materials","Construction Materials",.SPX,NYSE,10.7095238095,24.41,1.868,2.393,2.247,0.668,1.55,2.493,1.905,0.7,2.6593152512286777,1.1667349446947972,28.48,0.0031701303275801784,0.23236694071830377,28.39,23.11,40.63,27.56,147.56,30.83,14.15,14.09,10.28,9.21,23.19,8.41,20.71,10.97,0,Nasdaq,1.0112660382465806,1241091,25588,204.31,244.27,191.32,0.4135,198830,140665,2.92,2.4,2.04,64.69,19.94,26.62,8.25,29.25,27.81
PFBC,PFBC.OQ,"Preferred Bank ",Financials,Banks,.IXIC,IXIC,5.8369047619,15.42,0.972,0.936,0.804,0.707,0.705,0.695,0.605,0.555,3.164348358150654,1.1977950713359273,18.47,-0.09238329238329246,-0.10165369649805445,20.35,20.56,20.47,20.32,23.28,14.1,11.29,11.38,15.19,16.23,15.6,12.38,19.76,18.87,74.77,Nasdaq,0.7455331944631098,200498,0,64.01,67.16,47,0.0807,37274,34492,0,0,0.04,27.87,54.5,57.27,0,0,4.05
UMPQ,UMPQ.OQ,"Umpqua Holdings Corp ",Financials,Banks,.IXIC,IXIC,0.26547619047599996,17.42,0.249,0.278,0.257,0.208,0.314,0.28,0.246,0.215,81.28789237673995,1.2388059701492535,21.58,0.06044226044226031,0.04961089494163429,20.35,20.56,22.02,20.32,23.28,15.82,11.29,11.38,5.52,16.23,15.6,5.69,19.76,18.87,96.15,Nasdaq,0.9199435776817174,2197127,152122,21.88,22.88,16.65,0.0302,509722,494779,0,0,0.04,36.72,54.5,57.27,0,0,4.05
BHBK,BHBK.OQ,"Blue Hills Bancorp Inc ",Financials,Banks,.IXIC,IXIC,1.8630952381,20.48,0.157,0.157,0.159,0.308,0.166,0.067,0.055,0.066,13.912332268335048,1.265625,25.92,0.2737100737100737,0.26070038910505855,20.35,20.56,54.63,20.32,23.28,25.91,11.29,11.38,4.84,16.23,15.6,2.29,19.76,18.87,52.19,Nasdaq,0.5184655384500689,49541,18900,20.25,22.05,16.4,0.0306,18612,18059,0,0,0.04,0,54.5,57.27,0,0,4.05
ASML,ASML.OQ,"ASML Holding NV ",Technology,"Semiconductor Equipment & Testing",.IXIC,IXIC,11.6761904762,24.12,1.495,1.29,1.078,1.046,1.22,0.93,0.83,0.461,2.729486133766126,1.3213101160862355,31.87,0.49274004683840733,1.432824427480916,21.35,13.1,32.75,97.08,25.54,25.49,15.9,9.78,20.67,25.1,18.13,17.97,8.9,13.51,17.1,Nasdaq,0.1694437942507382,-142004,0,193.57,208.55,119.83,0.2171,423495,347949,1.81,1.95,1.74,28.34,5.02,17.21,0,18.71,8.98
ABCB,ABCB.OQ,"Ameris Bancorp ",Financials,Banks,.IXIC,IXIC,1.79404761905,16.31,0.6,0.537,0.616,0.587,0.513,0.613,0.57,0.373,12.625082946234073,1.3887185775597792,22.65,0.11302211302211296,0.10165369649805456,20.35,20.56,28.12,20.32,23.28,17.52,11.29,11.38,11.98,16.23,15.6,10.95,19.76,18.87,84.02,Nasdaq,0.8496513657973195,414664,11853,54.05,56.85,41.2,0.1191,71712,64080,0,0,0.04,45.59,54.5,57.27,0,0,4.05
HBI,HBI.N,"HanesBrands Inc ",,"Apparel & Accessories",.SPX,NYSE,1.0369047619,9.88,0.199,0.552,0.468,0.195,0.408,0.452,0.335,0.206,13.636739380085588,1.4311740890688258,14.14,-0.6631729394949976,-0.27225939269171384,41.98,19.43,27.89,52.26,36.51,14.83,20.9,13.14,54.55,8.55,-33.18,37.63,22.41,14.95,0,Nasdaq,1.0175780070674516,1194182,53618,19.99,25.73,18.58,0.2076,1500858,1242811,0.85,0.88,1.21,577.6,20.62,66.81,4.78,14.16,8.58
IVZ,IVZ.N,"Invesco Ltd ",Financials,"Investment Management & Fund Operators",.SPX,NYSE,2.97976190476,9.23,0.676,0.652,0.584,0.52,0.554,0.584,0.538,0.395,4.446664003199007,1.4355362946912242,13.25,-0.6674196787148594,-0.355544747081712,39.84,20.56,18.64,172.15,23.28,14.74,14.33,11.38,12.3,11.52,15.6,11.54,10.8,18.87,89.96,Nasdaq,0.8242670822403647,-2725254,320848,32.21,38.43,29.39,0.0984,841525,766110,0,0.21,0.04,79.07,123.81,57.27,16.36,90.26,4.05
NCLH,NCLH.N,"Norwegian Cruise Line Holdings Ltd ",,"Hotels, Motels & Cruise Lines",.SPX,NYSE,4.88095238095,11.88,0.396,1.744,0.866,0.271,0.317,1.504,0.637,0.321,3.5280000000017204,1.4494949494949494,17.22,-0.7393673376721659,-0.11374163664436443,66.07,19.43,72.97,201.16,36.51,15.31,46.6,13.14,14.62,5.81,-33.18,12.29,2.74,14.95,96.22,Nasdaq,0.931762261493989,-1801867,26924,56.44,61.45,46.97,1.7923,1673015,599144,0.18,0.79,1.21,109.7,54.45,66.81,3.26,4.28,8.58
JEC,JEC.N,"Jacobs Engineering Group Inc ",Industrials,"Construction & Engineering",.SPX,NYSE,0.464285714286,17.59,0.249,0.777,0.735,0.411,0.497,0.244,0.569,0.54,59.532307692271054,1.57134735645253,27.64,0.01729849098270142,0.19809276116168184,27.17,23.07,29.85,37.55,41.83,15.57,10.88,14.37,5.32,7.45,13.95,7.31,6.61,10.81,84.03,Nasdaq,0.8360450550924324,1468449,3634,60.04,72.16,49.32,0.4615,437394,299279,0,0.9,1.74,44.19,36.73,92.81,94.56,17.25,52.84
WM,WM.N,"Waste Management Inc ",Industrials,"Environmental Services & Equipment",.SPX,NYSE,25.509523809500003,9.35,3.422,0.876,0.815,0.671,0.753,0.678,0.642,0.575,0.5797834608928315,1.5818181818181818,14.79,-0.45982468955441924,-0.3589076723016905,27.38,23.07,215.1,42.79,41.83,14.99,18.16,14.37,44.96,10.3,13.95,20.69,7.23,10.81,81.21,Nasdaq,0.7626235859193772,1708289,48968,85.52,89.73,70.1,0.2243,757494,618698,0.77,2.19,1.74,157.68,37.11,92.81,5.48,33.29,52.84
CSX,CSX.OQ,"CSX Corp ",Industrials,"Ground Freight & Logistics",".SPX, .IXIC",IXIC,3.15952380952,15.88,0.705,0.507,0.552,0.39,0.491,0.482,0.467,0.37,8.089826676724147,1.609571788413098,25.56,0.04283965728274164,0.107932379713914,24.51,23.07,25.6,25.34,41.83,13.07,13.9,14.37,14.9,11.03,13.95,16.59,10.75,10.81,77.46,Nasdaq,0.7717390063811718,46950366,42112,55.04,60.01,45.41,0.5175,3514715,2316079,0.81,0.88,1.74,80.31,32.75,92.81,5.85,49.31,52.84
PM,PM.N,"Philip Morris International Inc ","Consumer Non-Cyclicals",Tobacco,.SPX,NYSE,4.32261904762,12.1,1.476,1.265,1.143,1.022,1.101,1.246,1.15,0.984,5.036298540345903,1.7991735537190083,21.77,-0.4379034340304673,-0.5168664003550821,38.73,45.06,21.53,37.58,47.2,16.57,23.54,28.21,0,38.08,76.37,0,50.06,76.84,73.97,Nasdaq,0.7284239661865918,3674650,35056,106.81,123.53,96.67,0.4815,2066767,1395010,0.8,1.39,0.98,0,4.69,39.89,12.14,3.62,45.29
GOOGL,GOOGL.OQ,"Alphabet Inc ",Technology,"Internet Services",".SPX, .IXIC",IXIC,38.8011904762,18.39,9.795,9.566,5.009,7.729,7.713,7.246,6.999,6.016,0.8703341208232762,1.8363240891789017,33.77,-0.08033769063180818,1.5778625954198477,36.72,13.1,35.17,56.29,25.54,26.77,21.51,9.78,15.43,20.54,18.13,15.03,22.35,13.51,81.85,Nasdaq,0.7938818555781667,1350414,0,1084.14,1197.99,824.58,0.3659,902341,660626,5.11,1.69,1.74,2.6,34.39,17.21,0,71.58,8.98
FBHS,FBHS.N,"Fortune Brands Home & Security Inc ",,"Construction Supplies & Fixtures",.SPX,NYSE,5.55476190476,11.22,0.995,0.831,0.896,0.496,0.665,0.773,0.796,0.382,3.7463351907428186,1.854723707664884,20.81,-0.07757092198581561,0.07102418939783828,22.56,19.43,37.67,38.41,36.51,20.46,14.38,13.14,18.12,9.38,-33.18,13.5,9.48,14.95,90.76,Nasdaq,0.9256921158275748,2241553,53749,60.01,73.58,57.76,0.3107,467612,356774,1.13,1,1.21,58,42.22,66.81,12.95,464.92,8.58
WERN,WERN.OQ,"Werner Enterprises Inc ",Industrials,"Ground Freight & Logistics",.IXIC,IXIC,1.64642857143,15.56,0.421,0.31,0.32,0.221,0.301,0.261,0.253,0.278,17.893275488053888,1.8933161953727506,29.46,0.20195838433292534,0.2769830949284786,24.51,23.07,30.35,25.34,41.83,13.72,13.9,14.37,8.48,11.03,13.95,10.71,10.75,10.81,67.24,Nasdaq,0.6553547966306323,140209,52410,38.1,43.3,24.23,0.2199,230124,188647,1.67,0.88,1.74,8.15,32.75,92.81,0,49.31,52.84
TCBI,TCBI.OQ,"Texas Capital Bancshares Inc ",Financials,Banks,.IXIC,IXIC,8.01071428571,11.65,1.191,1.119,0.969,0.798,0.962,0.866,0.785,0.489,2.78751671868183,1.9167381974248925,22.33,0.09729729729729719,0.08608949416342404,20.35,20.56,25.22,20.32,23.28,16.99,11.29,11.38,10.48,16.23,15.6,10.28,19.76,18.87,0,Nasdaq,1.0464774417151954,929621,8392,91.75,102.9,69.7,0.3122,185101,141066,0,0,0.04,34.5,54.5,57.27,0,0,4.05
UNP,UNP.N,"Union Pacific Corp ",Industrials,"Ground Freight & Logistics",.SPX,NYSE,6.78571428571,10.95,1.706,1.497,1.447,1.316,1.39,1.359,1.165,1.156,3.174315789475689,1.967123287671233,21.54,-0.12117503059975532,-0.06631989596879073,24.51,23.07,22.51,25.34,41.83,14.25,13.9,14.37,21.33,11.03,13.95,22.15,10.75,10.81,82.4,Nasdaq,0.7982928519642501,2089922,7777,128.5,143.05,101.07,0.5546,1745408,1122724,0.83,0.88,1.74,68.17,32.75,92.81,10.59,49.31,52.84
BGCP,BGCP.OQ,"BGC Partners Inc ",Financials,"Investment Banking & Brokerage Services",.IXIC,IXIC,0.0285714285714,11.11,0.004,0.279,0.073,0.062,0.157,0.308,0.054,0.047,789.6000000007896,2.0306030603060305,22.56,0.17500000000000004,0.09727626459143979,19.2,20.56,34.99,152.08,23.28,15.63,57.33,11.38,18.97,7.81,15.6,18.25,10.21,18.87,56.94,Nasdaq,0.5400361365148479,3147601,131392775,13.25,16.96,10.4,0.0205,483135,473418,0,0.29,0.04,318.2,472.23,57.27,0,26.02,4.05
NYMT,NYMT.OQ,"New York Mortgage Trust Inc ",Financials,"Specialized REITs",.IXIC,IXIC,0.767857142857,4.42,0.187,0.187,0.099,0.126,0.088,0.183,0.102,0.125,12.00744186046735,2.085972850678733,9.22,-0.7826496935407826,-0.551556420233463,42.42,20.56,13.24,106.13,23.28,5.2,30.32,11.38,11.13,12.96,15.6,12.84,10.77,18.87,21.73,Nasdaq,0.390218311370179,977914,103190,5.64,6.68,5.35,0.7765,401689,226109,0,0.07,0.04,1131.66,121.99,57.27,0,2.68,4.05
YNDX,YNDX.OQ,"Yandex NV ",Technology,"Internet Services",.IXIC,IXIC,49.396428571399994,38.2,10.606,2.719,10.647,2.542,3.747,7.475,6.297,3.31,1.7896030655783617,2.3141361256544504,88.4,1.4074074074074074,5.748091603053436,36.72,13.1,71.27,56.29,25.54,19.94,21.51,9.78,10.97,20.54,18.13,18.01,22.35,13.51,83.63,Nasdaq,0.7875097631282115,17062777,0,41.26,44.48,21.43,0.4053,1128801,803218,0,1.69,1.74,21.53,34.39,17.21,0,71.58,8.98
ALLE,ALLE.N,"Allegion PLC ",Technology,"Communications & Networking",.SPX,NYSE,4.05357142857,9.9,0.657,0.937,1.1,0.712,0.77,0.017,0.981,0.595,5.955242290750998,2.4383838383838383,24.14,1.3211538461538463,0.8427480916030534,10.4,13.1,118.29,48.54,25.54,23.46,14.17,9.78,126.94,-0.25,18.13,99.02,10.49,13.51,96.75,Nasdaq,0.9780543783159111,-196005,44651,82.23,89.81,72.46,0.0416,210664,202244,1.72,1.84,1.74,367.85,49.34,17.21,7.05,12.72,8.98
HMSY,HMSY.OQ,"HMS Holdings Corp ",Healthcare,"Healthcare Facilities & Services",.IXIC,IXIC,1.39761904762,22.62,0.306,0.074,0.076,0.017,0.122,0.166,0.117,0.054,39.47427597953017,2.438992042440318,55.17,0.9563829787234044,0.6493273542600897,28.2,33.45,133.64,130.68,46.2,41.97,24.6,24.23,4.29,8.32,15.39,5.32,10.94,17,0,Nasdaq,0.9686674040245469,-5260898,1572,16.94,20.9,11.01,0.7168,369375,215153,0,5.26,2.42,39.59,47.08,15.44,7.03,-32.12,38.65
ODFL,ODFL.OQ,"Old Dominion Freight Line Inc ",Industrials,"Ground Freight & Logistics",.IXIC,IXIC,5.47738095238,12.15,1.121,1.242,1.194,0.798,0.831,1.033,0.976,0.718,5.778309063248125,2.6049382716049383,31.65,0.2913096695226436,0.3719115734720415,24.51,23.07,30.21,25.34,41.83,16.55,13.9,14.37,17.39,11.03,13.95,17.92,10.75,10.81,76.47,Nasdaq,0.7784185320967272,1588539,17225,138.79,150.31,80.56,0.3688,356961,260786,0,0.88,1.74,4.17,32.75,92.81,113.2,49.31,52.84
PEP,PEP.OQ,"PepsiCo Inc ","Consumer Non-Cyclicals","Non-Alcoholic Beverages",".SPX, .IXIC",IXIC,5.83571428571,8.09,1.227,1.491,1.461,0.915,0.973,1.372,1.377,0.638,3.668788249696697,2.646477132262052,21.41,-0.316847479259732,-0.5248557478917,31.34,45.06,27.38,55.68,47.2,19.14,23.7,28.21,65.53,12.42,76.37,39.38,9.87,76.84,72.54,Nasdaq,0.7084237499323205,-128290,0,109.04,122.51,106.19,0.3503,1937816,1435076,1.37,1.17,0.98,360.74,67.8,39.89,7.67,17.93,45.29
EXLS,EXLS.OQ,"Exlservice Holdings Inc ",Industrials,"Business Support Services",.IXIC,IXIC,2.71904761905,9.05,0.582,0.601,0.582,0.478,0.446,0.463,0.474,0.402,9.120840630464869,2.740331491712707,24.8,-0.2290954305253342,0.0749891634156914,32.17,23.07,29.78,32.32,41.83,19.43,16.81,14.37,13.8,13.32,13.95,12.06,13.44,10.81,94.47,Nasdaq,0.9546455233774268,-243155,244399,56.83,64.21,44.81,0.4942,85709,57361,0,1.42,1.74,10.22,67.04,92.81,0,24.02,52.84
AEP,AEP.N,"American Electric Power Company Inc ",Utilities,"Electric Utilities",.SPX,NYSE,7.09523809524,5.89,0.758,1.105,0.761,1.204,0.759,-1.557,1.026,1.02,2.400201342281235,2.8913412563667236,17.03,0.29309035687167806,-0.2097447795823666,13.17,21.55,50.46,39.9,27.32,15.48,7.17,9.4,10.57,10.3,7.73,8.61,9.14,16.34,73.56,Nasdaq,0.7193623797270765,-592681,0,65.18,78.07,63.32,0.3679,1298577,949316,0.4,1.25,2.11,124.66,142.88,104.27,4.65,7.98,8
SYBT,SYBT.OQ,"Stock Yards Bancorp Inc ",Financials,Banks,.IXIC,IXIC,0.6940476190479999,5.86,0.472,0.51,0.456,0.469,0.461,0.459,0.445,0.435,26.48233276156351,3.136518771331058,18.38,-0.09680589680589691,-0.10603112840466922,20.35,20.56,26.08,20.32,23.28,14.13,11.29,11.38,0,16.23,15.6,0,19.76,18.87,48.9,Nasdaq,0.47894596621234176,-29396,5201,35.95,45.5,31.9,0.2114,20588,16995,0,0,0.04,0,54.5,57.27,0,0,4.05
XEL,XEL.OQ,"Xcel Energy Inc ",Utilities,"Electric Utilities",".SPX, .IXIC",IXIC,1.38333333333,5.96,0.416,0.966,0.446,0.47,0.446,0.898,0.386,0.474,13.532530120514537,3.140939597315436,18.72,0.4214123006833712,-0.13132250580046412,13.17,21.55,20.91,39.9,27.32,14.63,7.17,9.4,10.42,10.3,7.73,10.18,9.14,16.34,75.16,Nasdaq,0.7448383596284093,1314970,110035,43.03,52.21,41.51,0.2519,1348097,1076841,0.58,1.25,2.11,137.85,142.88,104.27,3.83,7.98,8
WEC,WEC.N,"WEC Energy Group Inc ",Utilities,"Electric Utilities",.SPX,NYSE,3.3309523809500003,5.94,1.368,0.678,0.627,1.124,0.614,0.685,0.572,1.092,5.677055039317853,3.1835016835016834,18.91,0.4358390280941533,-0.12250580046403714,13.17,21.55,21.91,39.9,27.32,16.45,7.17,9.4,10.84,10.3,7.73,11.32,9.14,16.34,74.9,Nasdaq,0.7447740410212205,-439084,82911,59.47,70.07,58.05,0.0853,578924,533400,0.43,1.25,2.11,116.24,142.88,104.27,6.57,7.98,8
HCSG,HCSG.OQ,"Healthcare Services Group Inc ",Industrials,"Business Support Services",.IXIC,IXIC,1.09761904762,10.91,0.331,0.315,0.304,0.298,0.276,0.268,0.256,0.26,32.889370932726344,3.308890925756187,36.1,0.1221635063723967,0.564802774165583,32.17,23.07,100.99,32.32,41.83,37.19,16.81,14.37,25.1,13.32,13.95,19.66,13.44,10.81,99.6,Nasdaq,0.9982507472056555,-1030253,208,45.03,56.2,41.05,0.6567,495988,299385,2.63,1.42,1.74,8.85,67.04,92.81,0,24.02,52.84
FTV,FTV.N,"Fortive Corp ",Technology,"Semiconductor Equipment & Testing",.SPX,NYSE,2.29047619048,8,0.753,0.759,0.682,0.568,0.643,0.65,0.692,0.529,11.691891891872446,3.3475,26.78,0.2543325526932083,1.0442748091603056,21.35,13.1,26.18,97.08,25.54,21.35,15.9,9.78,30.09,25.1,18.13,0,8.9,13.51,83.11,Nasdaq,0.8049349427638838,-628542,196967,73.99,78.78,57.83,0.0793,433017,401217,1.47,1.95,1.74,107.02,5.02,17.21,25.43,18.71,8.98
AWK,AWK.N,"American Water Works Company Inc ",Utilities,"Water Utilities",.SPX,NYSE,3.7523809523800002,7.57,0.697,1.134,0.732,0.52,0.564,0.831,0.77,0.458,6.819670050763151,3.380449141347424,25.59,0.5651376146788989,0.18747099767981434,16.35,21.55,29.72,22.77,27.32,20.41,14,9.4,10.39,13.15,7.73,9.25,14.08,16.34,87.73,Nasdaq,0.8515322539092254,448381,47692,78.88,92.37,74.63,0.3988,476631,340738,0.29,1.24,2.11,143.45,99.41,104.27,3.29,7.26,8
LNT,LNT.N,"Alliant Energy Corp ",Utilities,"Electric Utilities",.SPX,NYSE,1.5714285714299998,5.45,0.406,0.731,0.412,0.435,0.277,0.567,0.372,0.43,12.262727272716125,3.5357798165137613,19.27,0.46317388003037196,-0.10580046403712307,13.17,21.55,23.02,39.9,27.32,15.7,7.17,9.4,11.33,10.3,7.73,10.91,9.14,16.34,73.91,Nasdaq,0.7238910466985944,-378297,43136,38.22,45.54,36.84,0.3151,711999,541405,0.32,1.25,2.11,120.52,142.88,104.27,6.66,7.98,8
AMT,AMT.N,"American Tower Corp ",Financials,"Specialized REITs",.SPX,NYSE,2.38214285714,13.38,0.507,0.689,0.8,0.672,0.471,0.553,0.375,0.58,21.405097451300037,3.810911808669656,50.99,0.2020273455917021,1.480058365758755,42.42,20.56,68.94,106.13,23.28,49.37,30.32,11.38,17.43,12.96,15.6,15.23,10.77,18.87,91.54,Nasdaq,0.9487857716421838,814852,5503,134,155.27,112.78,0.1399,626067,549225,0,0.07,0.04,323.72,121.99,57.27,2.67,2.68,4.05
GOLD,GOLD.OQ,"Randgold Resources Ltd ","Basic Materials",Gold,.IXIC,IXIC,2.4250000000000003,6.64,0.802,0.518,0.893,0.743,0.798,0.699,0.524,0.582,11.41443298969072,4.168674698795181,27.68,26.68,0.1977498918217222,1,23.11,33.46,313.45,147.56,21.06,4.96,14.09,7.72,344.83,23.19,7.71,3.55,10.97,37.88,Nasdaq,0.3544357946022999,314167,0,81.83,108.26,79.2,0.1561,250429,216609,4.52,1.59,2.04,0.07,84.85,26.62,0,-1.97,27.81
TJX,TJX.N,"TJX Companies Inc ",,"Discount Stores",.SPX,NYSE,0.817857142857,4.34,1,0.853,0.819,1.031,0.831,0.843,0.758,0.988,23.69606986899977,4.465437788018433,19.38,-0.4445399828030955,-0.00257334019557387,34.89,19.43,21.47,39,36.51,18.23,19.87,13.14,57.58,19.21,-33.18,53.91,18.06,14.95,93.49,Nasdaq,0.910655845377928,-3324597,0,83.65,84.75,66.45,0.4250,1543329,1083045,0.84,0.6,1.21,43.33,63.5,66.81,141.28,223.83,8.58
SNH,SNH.OQ,"Senior Housing Properties Trust ",Financials,"Diversified REITs",.IXIC,IXIC,0.8309523809520001,3.88,0.274,0.145,0.068,0.135,0.181,0.118,0.165,0.132,29.893409742134047,6.402061855670103,24.84,0.3059936908517351,0.20817120622568108,19.02,20.56,31.8,31.25,23.28,22.44,11.67,11.38,4.68,6.15,15.6,5.01,3.81,18.87,76.14,Nasdaq,0.7405678702184068,-334446,0,15.37,22.52,14.9,0.6453,652759,396746,0,0.03,0.04,118.34,92.52,57.27,1.96,5.13,4.05
CTBI,CTBI.OQ,"Community Trust Bancorp Inc ",Financials,Banks,.IXIC,IXIC,0.703571428571,2.38,0.685,0.78,0.654,0.639,0.673,0.701,0.659,0.662,22.485279187830958,6.647058823529412,15.82,-0.2226044226044226,-0.23054474708171202,20.35,20.56,18.4,20.32,23.28,13.16,11.29,11.38,9.44,16.23,15.6,10.03,19.76,18.87,58.15,Nasdaq,0.5665590911659979,112696,9437,44.3,51.85,40.4,0.6129,25690,15928,0,0,0.04,58.5,54.5,57.27,0,0,4.05
ROIC,ROIC.OQ,"Retail Opportunity Investments Corp ",Financials,"Commercial REITs",.IXIC,IXIC,0.196428571429,5,0.087,0.075,0.068,0.083,0.079,0.061,0.068,0.072,283.7163636357446,11.145999999999999,55.73,0.769768180374722,1.710603112840467,31.49,20.56,75.75,39.28,23.28,30.2,20.09,11.38,3.19,6.99,15.6,3.19,5.39,18.87,0,Nasdaq,1.0108925088854461,-588714,46602,17.61,22.06,16.21,0.0136,344052,339422,0,0.01,0.04,123.52,126.79,57.27,1.91,6.05,4.05
GLPI,GLPI.OQ,"Gaming and Leisure Properties Inc ",Financials,"Specialized REITs",.IXIC,IXIC,1.8190476190499998,1.64,0.442,0.451,0.454,0.444,0.45,0.43,0.391,0.276,10.071204188468494,11.170731707317074,18.32,-0.5681282413955682,-0.1089494163424124,42.42,20.56,392.84,106.13,23.28,19.16,30.32,11.38,15.61,12.96,15.6,27.22,10.77,18.87,97.9,Nasdaq,0.9467897087294269,1564157,328598,32.82,39.32,30.23,0.2885,418037,324425,0,0.07,0.04,180.73,121.99,57.27,2.62,2.68,4.05
HII,HII.N,"Huntington Ingalls Industries Inc ",Industrials,AERO/DEF,.SPX,NYSE,2.28333333333,1.52,2.637,3.275,3.21,2.565,4.227,2.267,2.8,2.869,9.775182481766096,14.68421052631579,22.32,-0.4885426214482127,-0.032509752925877766,43.64,23.07,20.18,34.97,41.83,15.17,14.59,14.37,31.37,182.3,13.95,29.15,29.17,10.81,88.35,Nasdaq,0.8474996204170946,336912,57064,260.85,276.5,183.49,0.0194,141223,138532,1.45,0.72,1.74,72.75,342.57,92.81,12.53,208.81,52.84
UHAL,UHAL.OQ,"Amerco ",Industrials,"Ground Freight & Logistics",.IXIC,IXIC,38.938095238100004,0.75,9.684,6.363,6.443,0.487,3.33,9.01,7.514,2.683,0.37546777546772947,19.493333333333332,14.62,-0.4035087719298246,-0.3662765496315562,24.51,23.07,18.66,25.34,41.83,12.41,13.9,14.37,14.11,11.03,13.95,19.53,10.75,10.81,35.31,Nasdaq,0.3578018665850673,734469,800,331.17,399.99,331.17,0.6580,48653,29344,0,0.88,1.74,102.37,32.75,92.81,7.33,49.31,52.84
UDR,UDR.N,"UDR Inc ",Financials,"Residential REITs",.SPX,NYSE,0.441666666667,5.29,0.096,0.057,0.034,0.085,0.134,0.097,0.036,0.024,277.109433962055,23.13610586011342,122.39,1.9851219512195124,4.952821011673152,41,20.56,1111.43,74.25,23.28,116.6,22.98,11.38,2.52,5.52,15.6,1.7,5.2,18.87,99.61,Nasdaq,0.9687388126491647,-176823,115274,33.38,40.71,32.88,0.0075,524243,520355,0,0,0.04,129.93,100.82,57.27,2.55,4.73,4.05
